name,address,specialty
美仕媞時尚醫美診所,臺北市松山區敦化北路244巷33號1樓,"整形外科,"
麗得醫美整形外科診所,臺北市松山區南京東路5段1號5樓,"整形外科,"
基督復臨安息日會醫療財團法人臺安醫院,"臺北市松山區八德路二段424,426號","家庭醫學科,內科,外科,兒科,婦產科,骨科,神經科,神經外科,泌尿科,耳鼻喉科,眼科,皮膚科,精神科,復健科,麻醉科,放射診斷科,解剖病理科,急診醫學科,整形外科,職業醫學科,牙醫一般科,"
長庚醫療財團法人台北長庚紀念醫院,臺北市松山區敦化北路199號、197號、臺北市松山區敦化北路199巷6號,"家庭醫學科,內科,外科,兒科,婦產科,骨科,神經科,神經外科,泌尿科,耳鼻喉科,眼科,皮膚科,精神科,復健科,麻醉科,放射診斷科,放射腫瘤科,解剖病理科,核子醫學科,急診醫學科,整形外科,西醫一般科,牙醫一般科,中醫一般科,"
英爵聯合診所,臺北市松山區南京東路3段331號2樓,"皮膚科,"
三軍總醫院松山分院附設民眾診療服務處,臺北市松山區健康路１３１號,"家庭醫學科,內科,外科,兒科,婦產科,骨科,神經科,神經外科,泌尿科,耳鼻喉科,眼科,皮膚科,精神科,復健科,麻醉科,放射診斷科,解剖病理科,臨床病理科,急診醫學科,牙醫一般科,"
佳思優醫美整形診所,臺北市松山區敦化北路8號1樓(1、2層),"整形外科,"
尚安診所,臺北市松山區復興北路331號4樓,"皮膚科,"
安德森整形外科診所,臺北市松山區復興北路337號3樓,"外科,整形外科,"
雷湘安皮膚科診所,臺北市松山區三民路43巷1號,"皮膚科,"
傑尼斯時尚醫美整形外科診所,臺北市松山區南京東路五段230號3樓之7、3樓之8,"整形外科,"
博仁綜合醫院,臺北市松山區光復北路66號、68號地下一層、68號、68號2至7樓、68號2樓之1至7樓之1、68號2樓之2至7樓之2,"家庭醫學科,內科,外科,兒科,婦產科,骨科,神經科,泌尿科,耳鼻喉科,眼科,皮膚科,精神科,復健科,麻醉科,放射診斷科,急診醫學科,職業醫學科,西醫一般科,牙醫一般科,"
張國華整形外科診所,臺北市松山區南京東路五段34號2樓,"整形外科,"
湘豐診所,臺北市松山區敦化北路１４１號５樓,"整形外科,"
林永濤整形外科診所,臺北市松山區光復北路７號７樓,"整形外科,"
儷人整形外科診所,臺北市大安區忠孝東路四段六十號五樓之一,"整形外科,"
緻美整形外科診所,臺北市大安區仁愛路四段50之3號(2樓),"整形外科,"
安麗整形外科診所,臺北市大安區復興南路1段215號6樓,"整形外科,"
如一整形外科診所,臺北市大安區信義路3段149號10樓,"整形外科,"
微顏整形外科診所,臺北市大安區仁愛路四段107號5樓,"整形外科,"
璞美整形外科醫美診所,臺北市大安區復興南路1段222號6樓,"整形外科,"
國立臺灣大學醫學院附設醫院癌醫中心分院,臺北市大安區基隆路 3段155巷57號,"家庭醫學科,內科,外科,婦產科,骨科,神經科,泌尿科,耳鼻喉科,眼科,皮膚科,精神科,復健科,麻醉科,放射診斷科,放射腫瘤科,解剖病理科,臨床病理科,核子醫學科,急診醫學科,牙醫一般科,"
國際整形外科診所,臺北市大安區忠孝東路4段59號5樓之2、之3,"整形外科,"
亞妮詩整形外科診所,臺北市大安區忠孝東路4段218之1號13樓,"整形外科,"
台北亞緻整形外科診所,臺北市大安區仁愛路4段2號5樓,"整形外科,"
佳思優整形醫美診所,臺北市大安區新生南路1段153號2樓、2樓之1,"外科,整形外科,"
台生診所,臺北市大安區忠孝東路4段341號8樓之2,"皮膚科,"
嘉速美整形外科醫美診所,臺北市大安區忠孝東路4段130號3樓,"整形外科,"
台北生髮診所,臺北市大安區忠孝東路4段77巷15號2樓、大安路1段75巷21號2樓,"皮膚科,"
秀傳醫院,臺北市大安區光復南路116巷1、3、5號1至4樓及地下1樓,"內科,婦產科,皮膚科,"
經典整形外科診所,臺北市大安區忠孝東路4段94之5號(6樓),"整形外科,"
極緻皮膚專科診所,臺北市大安區忠孝東路四段49巷2號7樓,"皮膚科,"
大安春暉診所,臺北市大安區大安路一段一八O號二樓,"整形外科,"
亞立山大時尚整形診所,臺北市大安區忠孝東路4段107號3樓之1,"整形外科,"
微整形外科診所,臺北市大安區忠孝東路4段2號7樓之8、7樓之9,"整形外科,"
漂亮愛爾麗整形外科診所,臺北市大安區忠孝東路4段325號3樓,"整形外科,"
霍天年整形外科診所,臺北市大安區忠孝東路四段一九一號六樓之一,"整形外科,"
信恩美醫診所,臺北市大安區信義路二段７２號４樓,"整形外科,"
藝林整形外科診所,臺北市大安區羅斯福路3段309號4樓之2,"整形外科,"
蔣曉山整形外科診所,臺北市大安區敦化南路一段１９２號２樓,"整形外科,"
林仲樞整形外科診所,臺北市大安區忠孝東路4段128號3樓,"整形外科,"
信義英爵醫美診所,臺北市大安區信義路四段206號、208號2樓、210號2樓,"皮膚科,"
嘉仕美整形外科診所,臺北市大安區忠孝東路4段230號2樓,"整形外科,"
知美整形外科診所,臺北市大安區忠孝東路4段221號6樓,"整形外科,"
首爾醫美診所,臺北市大安區信義路4段382號5樓,"外科,整形外科,"
雅丰麗緻診所,臺北市大安區忠孝東路4段221號5樓,"整形外科,"
教主醫美整形外科診所,臺北市大安區和平東路一段6號5樓、5樓之1、5樓之2,"整形外科,"
嘉仕萌診所,臺北市大安區忠孝東路4段230號5樓,"整形外科,"
實美整形外科診所,臺北市大安區信義路四段６３號１樓,"整形外科,"
蔡博庸整形外科診所,臺北市大安區忠孝東路四段231號7樓之1,"整形外科,"
凡恩絲診所,臺北市大安區信義路3段149號7樓之1,"整形外科,"
綺顏診所,臺北市大安區仁愛路四段一0九號二樓B室,"皮膚科,"
輕鬆美膚皮膚科診所,臺北市大安區羅斯福路3段301號3樓,"皮膚科,"
米洛斯整形外科診所,臺北市大安區復興南路1段323號6樓,"整形外科,"
荻珥整形外科診所,臺北市大安區敦化南路1段261號2樓,"外科,整形外科,"
琢禾美學診所,臺北市大安區新生南路2段2號7樓,"皮膚科,"
麗生時尚美學診所,臺北市大安區安和路1段21巷17號1樓,"整形外科,"
星采整形外科診所,臺北市大安區仁愛路4段137號3樓之2,"整形外科,"
聖緹雅美學診所,臺北市大安區仁愛路4段107號6樓,"皮膚科,"
忠孝星美妍國際醫美診所,臺北市大安區忠孝東路4段220號4樓,"整形外科,"
聖緹雅醫美皮膚科診所,臺北市大安區仁愛路四段107號13樓,"皮膚科,"
賦真妍整形外科專科診所,臺北市大安區忠孝東路4段162號3樓、166號3樓之3,"整形外科,"
韓風時尚整形外科診所,臺北市大安區光復南路346巷21號1樓,"整形外科,"
巨星整形外科診所,臺北市大安區忠孝東路四段107號5樓之2,"整形外科,"
凡登整形外科診所,臺北市大安區信義路三段149號4樓、149號4樓之1,"麻醉科,整形外科,"
銘妍診所,臺北市大安區忠孝東路四段107號8樓,"整形外科,"
台北亞緻診所,臺北市大安區仁愛路4段2號6樓,"整形外科,"
陽光燦亮診所,臺北市大安區忠孝東路四段166號7樓之3,"整形外科,"
昕彤診所,臺北市大安區忠孝東路4段73之3號(4樓),"整形外科,"
王君瑜整形外科診所,臺北市大安區仁愛路4段107號2樓,"整形外科,"
薇妮斯整形外科診所,臺北市大安區忠孝東路4段120之12號12樓,"整形外科,"
中山醫療社團法人中山醫院,臺北市大安區仁愛路四段112巷11號,"家庭醫學科,內科,外科,兒科,婦產科,骨科,神經科,神經外科,泌尿科,耳鼻喉科,眼科,皮膚科,復健科,麻醉科,放射診斷科,放射腫瘤科,解剖病理科,整形外科,牙醫一般科,"
凡登斐麗診所,臺北市大安區信義路3段149號3樓、149號3樓之1,"整形外科,"
國泰醫療財團法人國泰綜合醫院,臺北市大安區仁愛路四段266巷6號，280號,"家庭醫學科,內科,外科,兒科,婦產科,骨科,神經科,神經外科,泌尿科,耳鼻喉科,眼科,皮膚科,精神科,復健科,麻醉科,放射診斷科,放射腫瘤科,解剖病理科,臨床病理科,核子醫學科,急診醫學科,整形外科,職業醫學科,西醫一般科,牙醫一般科,"
群英整形外科診所,臺北市大安區信義路4段279號3樓、281號3樓,"整形外科,"
梁偉中整形外科診所,臺北市大安區忠孝東路四段一二四之四號五樓,"整形外科,"
奐采美診所,臺北市大安區忠孝東路4段50號5樓,"外科,整形外科,"
沐美診所,臺北市大安區仁愛路4段25之1號5樓,"麻醉科,整形外科,"
芮態診所,臺北市大安區市民大道3段206號5樓,"整形外科,"
麗舍整形外科診所,臺北市大安區基隆路2段172之1號5樓、5樓之1、5樓之2、5樓之3、5樓之4,"整形外科,"
耐斯診所,臺北市大安區敦化南路1段216號11樓,"整形外科,"
凡登顱顏診所,臺北市大安區信義路3段149號6樓、6樓之1,"麻醉科,整形外科,"
木木日安醫學美容診所,臺北市大安區敦化南路1段138之1號(1樓、2樓),"皮膚科,"
向昕美學整形外科診所,臺北市大安區忠孝東路4段178號11樓,"整形外科,"
安瑟美皮膚科診所,臺北市大安區安和路1段113號2樓,"皮膚科,"
夢工場整形醫美診所,臺北市大同區承德路一段32號5樓,"整形外科,"
時尚假期整形醫美診所,臺北市大同區南京西路278號2樓,"整形外科,"
周皮膚科診所,臺北市大同區延平北路一段二十六號,"皮膚科,"
中山璀璨診所,臺北市中山區南京西路1之2號（實際營業地址：五層）,"整形外科,"
元和雅整形外科診所,臺北市中山區松江路125號2樓、2樓之1,"外科,整形外科,"
美無極美學診所,臺北市中山區樂群二路103號、105號,"皮膚科,"
澤林毛髮診所,臺北市中山區長安東路二段78號6樓,"皮膚科,"
越診所,臺北市中山區南京東路2段37號(1樓、2樓)、39號(1樓、2樓)、41巷2號(1樓、2樓)、6號(1樓、2樓)、8號(1樓、2樓)、8之1號(1樓、2樓),"皮膚科,"
池明仁整形外科診所,臺北市中山區民生東路一段13號5樓,"整形外科,"
中山實美整形外科診所,臺北市中山區中山北路二段１０６之２號４樓,"整形外科,"
登彩整形外科診所,臺北市中山區中山北路二段62巷5號1樓,"整形外科,"
曼都整形外科診所,臺北市中山區南京東路2段76號7樓,"整形外科,"
心湛美學診所,臺北市中山區南京東路2段60號12樓,"整形外科,"
李久恆整形外科診所,臺北市中山區南京東路一段2號6樓,"整形外科,"
美麗境界南京復興診所,臺北市中山區南京東路三段201號4樓之1,"皮膚科,"
英爵醫美診所,臺北市中山區敬業三路153號及155號,"皮膚科,"
萊佳形象美學診所,臺北市中山區復興北路48號2樓,"外科,整形外科,"
四季花妍整形診所,臺北市中山區長春路16號5樓,"整形外科,"
力安醫學診所,臺北市中山區樂群二路267號4樓,"整形外科,"
鄭紹隆整形外科診所,臺北市中山區南京東路一段二十四號五樓,"整形外科,"
台灣基督長老教會馬偕醫療財團法人馬偕兒童醫院,臺北市中山區中山北路2段92號,"外科,兒科,婦產科,骨科,神經外科,耳鼻喉科,眼科,皮膚科,精神科,復健科,麻醉科,放射診斷科,牙醫一般科,"
台灣基督長老教會馬偕醫療財團法人馬偕紀念醫院,臺北市中山區中山北路二段９２號,"家庭醫學科,內科,外科,兒科,婦產科,骨科,神經科,神經外科,泌尿科,耳鼻喉科,眼科,皮膚科,精神科,復健科,麻醉科,放射診斷科,放射腫瘤科,解剖病理科,臨床病理科,核子醫學科,急診醫學科,整形外科,職業醫學科,西醫一般科,牙醫一般科,中醫一般科,"
東方整形外科診所,臺北市中山區中山北路一段１２２號２樓,"整形外科,"
晶華美醫診所,臺北市中山區中山北路2段39巷2之2號2、3、4樓,"整形外科,"
楊菘宇整形外科診所,臺北市中山區中山北路二段2號5樓,"整形外科,"
魏嘉宏皮膚科診所,臺北市中山區民權東路三段72號(實際營業:一層、二層),"皮膚科,"
微風整形外科診所,臺北市中山區復興南路一段52號,"整形外科,"
豐秀整形外科診所,臺北市中山區中山北路2段52號2樓,"整形外科,"
大直光澤診所,臺北市中山區敬業二路88號(1樓),"皮膚科,"
至誠整形外科診所,臺北市中山區伊通街87巷3號,"整形外科,"
美朵整形外科診所,臺北市中山區中山北路2段31號5樓,"整形外科,"
莎斐爾整形外科診所,臺北市中山區南京東路2段11號7樓,"整形外科,"
璞蘊整形外科診所,臺北市中山區南京東路2段76號5樓,"整形外科,"
君綺整形外科診所,臺北市中山區南京東路2段111號2樓,"整形外科,"
菁英診所,臺北市內湖區行忠路58號1、2樓,"整形外科,"
三軍總醫院附設民眾診療服務處,臺北市內湖區成功路二段325號；臺北市中正區汀州路3段40號,"家庭醫學科,內科,外科,兒科,婦產科,骨科,神經科,神經外科,泌尿科,耳鼻喉科,眼科,皮膚科,精神科,復健科,麻醉科,放射診斷科,放射腫瘤科,解剖病理科,臨床病理科,核子醫學科,急診醫學科,整形外科,職業醫學科,西醫一般科,牙醫一般科,中醫一般科,"
雅斯翠診所,臺北市內湖區新湖二路87號1、2樓,"外科,整形外科,"
琢璞診所,臺北市南港區重陽路275號1樓,"皮膚科,"
晶美整形外科診所,臺北市士林區文林路343號(實際使用:1、2、3樓),"整形外科,"
陳建華整形外科診所,臺北市士林區天母西路3號3樓之2,"整形外科,"
蘇惠珍皮膚專科診所,臺北市士林區忠義街８３號,"皮膚科,"
榮庚皮膚科診所,臺北市士林區中正路210之1號1樓,"皮膚科,"
新光醫療財團法人新光吳火獅紀念醫院,臺北市士林區文昌路95號及士商路51號、51號2樓、51號3樓、51號4樓、51號5樓、51號6樓、51號7樓、53號、55號、57號、臺北市士林區基河路252號1樓,"家庭醫學科,內科,外科,兒科,婦產科,骨科,神經科,神經外科,泌尿科,耳鼻喉科,眼科,皮膚科,精神科,復健科,麻醉科,放射診斷科,放射腫瘤科,解剖病理科,臨床病理科,核子醫學科,急診醫學科,整形外科,職業醫學科,西醫一般科,牙醫一般科,中醫一般科,"
麗心整形外科診所,臺北市士林區忠誠路二段64號2樓,"整形外科,"
徐永康整形外科診所,臺北市士林區中山北路七段１５號５樓,"整形外科,"
邱耳鼻喉科診所,臺北市北投區石牌路一段二十三號一、二樓,"耳鼻喉科,皮膚科,"
臺北市北投健康管理醫院,臺北市北投區中和街2號,"家庭醫學科,內科,放射診斷科,整形外科,"
采新整形外科診所,臺北市北投區明德路114、116號2樓,"整形外科,"
靚亮診所,臺北市北投區明德路312號(實際使用1樓、地下1樓),"整形外科,"
振興醫療財團法人振興醫院,臺北市北投區振興街４５號,"家庭醫學科,內科,外科,兒科,婦產科,骨科,神經科,神經外科,泌尿科,耳鼻喉科,眼科,皮膚科,精神科,復健科,麻醉科,放射診斷科,放射腫瘤科,解剖病理科,核子醫學科,急診醫學科,整形外科,西醫一般科,牙醫一般科,中醫一般科,"
醫療財團法人辜公亮基金會和信治癌中心醫院,臺北市北投區立德路１２５號,"內科,外科,兒科,婦產科,神經科,神經外科,泌尿科,耳鼻喉科,眼科,精神科,復健科,麻醉科,放射診斷科,放射腫瘤科,解剖病理科,臨床病理科,核子醫學科,整形外科,西醫一般科,牙醫一般科,"
臺北榮民總醫院,臺北市北投區石牌路二段201號、322號,"家庭醫學科,內科,外科,兒科,婦產科,骨科,神經科,神經外科,泌尿科,耳鼻喉科,眼科,皮膚科,精神科,復健科,麻醉科,放射診斷科,放射腫瘤科,解剖病理科,臨床病理科,核子醫學科,急診醫學科,整形外科,職業醫學科,西醫一般科,牙醫一般科,中醫一般科,"
依心唯美整形外科診所,臺北市信義區基隆路2段13號2樓、15號2樓,"整形外科,"
采醫緻麗整形外科診所,臺北市信義區基隆路一段155號3樓之3、3樓之4,"整形外科,"
髮拉儷美學植髮診所,臺北市信義區忠孝東路五段139號3樓,"皮膚科,"
忠孝英爵診所,臺北市信義區忠孝東路4段563號2樓,"皮膚科,"
臺北醫學大學附設醫院,臺北市信義區吳興街２５2號、250號,"家庭醫學科,內科,外科,兒科,婦產科,骨科,神經科,神經外科,泌尿科,耳鼻喉科,眼科,皮膚科,精神科,復健科,麻醉科,放射診斷科,放射腫瘤科,解剖病理科,臨床病理科,核子醫學科,急診醫學科,整形外科,職業醫學科,西醫一般科,牙醫一般科,中醫一般科,"
國立台灣大學醫學院附設醫院,臺北市中正區中山南路７、８號；常德街１號,"家庭醫學科,內科,外科,兒科,婦產科,骨科,神經科,神經外科,泌尿科,耳鼻喉科,眼科,皮膚科,精神科,復健科,麻醉科,放射診斷科,放射腫瘤科,解剖病理科,臨床病理科,核子醫學科,急診醫學科,整形外科,職業醫學科,西醫一般科,牙醫一般科,"
東京風采整形外科診所,臺北市中正區仁愛路二段48號7樓,"整形外科,"
郵政醫院（委託中英醫療社團法人經營）,臺北市中正區福州街14號,"內科,外科,骨科,神經科,泌尿科,眼科,皮膚科,復健科,麻醉科,放射診斷科,"
美渥館診所,臺北市中正區博愛路224巷5號6樓,"整形外科,"
時尚診所,臺北市中正區忠孝西路一段33號10樓,"整形外科,"
米蘭時尚診所,臺北市中正區忠孝東路1段43號、45號、45號2樓之1、45號2樓之2、45號2樓之3、45號2樓之5、47號、47之1號、45號10樓之1、45號10樓之2,"耳鼻喉科,皮膚科,"
光澤晶漾診所,臺北市中正區館前路18號6樓,"整形外科,"
皇妍時尚整形外科診所,臺北市中正區忠孝西路一段6號8樓,"整形外科,"
君綺美形診所,臺北市中正區忠孝西路1段6號13樓,"整形外科,"
渾然天成診所,臺北市中正區忠孝西路1段45號3樓,"整形外科,"
慕顏時尚美學診所,臺北市中正區衡陽路7號14樓,"耳鼻喉科,整形外科,"
古亭光澤診所,臺北市中正區羅斯福路2段116號、116號2樓、116號2樓之1,"皮膚科,"
羅綺皮膚科診所,臺北市中正區濟南路一段7號4樓,"皮膚科,"
車參聖整形外科診所,臺北市中正區重慶南路1段13號5樓、6樓,"整形外科,"
美學院整形外科診所,臺北市中正區羅斯福路三段312號7樓,"整形外科,"
風華整形外科診所,臺北市中正區忠孝西路1段6號2、3樓,"整形外科,"
美嘉美整形外科診所,臺北市中正區信義路二段251號5樓,"整形外科,"
財團法人台灣省私立台北仁濟院附設仁濟醫院,臺北市萬華區廣州街２００，２４３號,"家庭醫學科,內科,外科,婦產科,骨科,神經科,耳鼻喉科,眼科,皮膚科,復健科,放射診斷科,牙醫一般科,中醫一般科,"
生生整形外科診所,臺北市萬華區成都路96號2樓,"整形外科,"
君綺時尚診所,臺北市萬華區中華路一段90號10樓,"整形外科,"
西園醫療社團法人西園醫院,臺北市萬華區西園路二段266、268、270、272、276號、185、187、189號,"家庭醫學科,內科,外科,兒科,婦產科,骨科,神經科,神經外科,泌尿科,耳鼻喉科,眼科,皮膚科,精神科,復健科,麻醉科,放射診斷科,急診醫學科,牙醫一般科,"
臺北市立萬芳醫院-委託臺北醫學大學辦理,臺北市文山區興隆路三段111號,"家庭醫學科,內科,外科,兒科,婦產科,骨科,神經科,神經外科,泌尿科,耳鼻喉科,眼科,皮膚科,精神科,復健科,麻醉科,放射診斷科,放射腫瘤科,解剖病理科,臨床病理科,核子醫學科,急診醫學科,整形外科,職業醫學科,西醫一般科,牙醫一般科,中醫一般科,"
漂亮101皮膚科診所,臺北市文山區景美街20號2樓,"皮膚科,"
衛生福利部豐原醫院,臺中市豐原區安康路１００號,"家庭醫學科,內科,外科,兒科,婦產科,骨科,神經科,神經外科,泌尿科,耳鼻喉科,眼科,皮膚科,精神科,復健科,麻醉科,放射診斷科,放射腫瘤科,解剖病理科,核子醫學科,急診醫學科,西醫一般科,牙醫一般科,中醫一般科,"
光田醫療社團法人光田綜合醫院,臺中市沙鹿區沙田路117號（含大同街5-2號）,"家庭醫學科,內科,外科,兒科,婦產科,骨科,神經科,神經外科,泌尿科,耳鼻喉科,眼科,皮膚科,精神科,復健科,麻醉科,放射診斷科,放射腫瘤科,解剖病理科,核子醫學科,急診醫學科,整形外科,職業醫學科,西醫一般科,牙醫一般科,中醫一般科,"
童綜合醫療社團法人童綜合醫院,臺中市梧棲區臺灣大道八段699號,"家庭醫學科,內科,外科,兒科,婦產科,骨科,神經科,神經外科,泌尿科,耳鼻喉科,眼科,皮膚科,精神科,復健科,麻醉科,放射診斷科,放射腫瘤科,解剖病理科,臨床病理科,核子醫學科,急診醫學科,整形外科,職業醫學科,西醫一般科,牙醫一般科,中醫一般科,"
佛教慈濟醫療財團法人台中慈濟醫院,臺中市潭子區豐興路一段66、88號,"家庭醫學科,內科,外科,兒科,婦產科,骨科,神經科,神經外科,泌尿科,耳鼻喉科,眼科,精神科,復健科,麻醉科,放射診斷科,放射腫瘤科,解剖病理科,臨床病理科,核子醫學科,急診醫學科,整形外科,職業醫學科,西醫一般科,牙醫一般科,中醫一般科,"
亞洲大學附屬醫院,臺中市霧峰區福新路222號,"家庭醫學科,內科,外科,兒科,婦產科,骨科,神經科,神經外科,泌尿科,耳鼻喉科,眼科,精神科,復健科,麻醉科,放射診斷科,放射腫瘤科,解剖病理科,核子醫學科,急診醫學科,整形外科,牙醫一般科,中醫一般科,"
賢德醫院,臺中市太平區宜昌路420號,"家庭醫學科,內科,外科,兒科,骨科,泌尿科,皮膚科,精神科,復健科,麻醉科,放射診斷科,急診醫學科,"
國軍臺中總醫院附設民眾診療服務處,臺中市太平區中山路二段３４８號,"家庭醫學科,內科,外科,兒科,婦產科,骨科,神經科,神經外科,泌尿科,耳鼻喉科,眼科,皮膚科,精神科,復健科,麻醉科,放射診斷科,放射腫瘤科,解剖病理科,核子醫學科,急診醫學科,整形外科,牙醫一般科,中醫一般科,"
仁愛醫療財團法人大里仁愛醫院,臺中市大里區東榮路４８３號,"家庭醫學科,內科,外科,兒科,婦產科,骨科,神經科,神經外科,泌尿科,耳鼻喉科,眼科,皮膚科,精神科,復健科,麻醉科,放射診斷科,放射腫瘤科,解剖病理科,核子醫學科,急診醫學科,整形外科,西醫一般科,牙醫一般科,中醫一般科,"
澄清綜合醫院,臺中市中區平等街139號,"家庭醫學科,內科,外科,兒科,婦產科,骨科,神經科,神經外科,泌尿科,耳鼻喉科,眼科,皮膚科,復健科,麻醉科,放射診斷科,解剖病理科,急診醫學科,整形外科,牙醫一般科,"
台新醫院,臺中市東區振興路439之2號、439之3號及441號,"家庭醫學科,內科,外科,神經科,泌尿科,皮膚科,復健科,牙醫一般科,"
艾絲柏美學診所,臺中市西區精誠二街9號1、2樓,"整形外科,"
吳及時皮膚科診所,臺中市西區金山路１８－３號２樓,"皮膚科,"
群英整形外科診所,臺中市西區中興街183號11樓,"整形外科,"
君綺診所,臺中市西區中興街183號10樓,"整形外科,"
美加時尚美醫診所,臺中市西區向上路1段343號1樓、345號1樓、2樓,"整形外科,"
米秝琪整形外科診所,臺中市西區向上路1段107號1樓,"整形外科,"
衛生福利部臺中醫院,臺中市西區廣民里三民路1段199號,"家庭醫學科,內科,外科,兒科,婦產科,骨科,神經科,神經外科,泌尿科,耳鼻喉科,眼科,皮膚科,精神科,復健科,麻醉科,放射診斷科,放射腫瘤科,解剖病理科,核子醫學科,急診醫學科,整形外科,西醫一般科,牙醫一般科,中醫一般科,"
馥安杏萃診所,臺中市西區館前路55號1樓,"皮膚科,"
小確幸皮膚科診所,臺中市西區英才路472號1、2、3樓,"皮膚科,"
菲仕美整形外科診所,臺中市西區臺灣大道二段307號7樓,"整形外科,"
誠美學診所,臺中市西區台灣大道二段239號5樓,"整形外科,"
采妍整形外科診所,臺中市西區民權路322號B1,"整形外科,"
時尚假期整形外科診所,臺中市西區臺灣大道二段103號1、2樓、夾層,"整形外科,"
格嘉整形外科診所,臺中市西區東興路3段272號2樓之1、之2,"整形外科,"
實美整形外科診所,臺中市西區台中市大和路３１、３３號,"整形外科,"
聖宜整形外科診所,臺中市西區英才路512號地下一層、1樓、2樓,"整形外科,"
優妮診所,臺中市南區忠明南路760號1樓,"皮膚科,"
中山醫學大學附設醫院,臺中市南區建國北路一段一一○號,"家庭醫學科,內科,外科,兒科,婦產科,骨科,神經科,神經外科,泌尿科,耳鼻喉科,眼科,皮膚科,精神科,復健科,麻醉科,放射診斷科,放射腫瘤科,解剖病理科,臨床病理科,核子醫學科,急診醫學科,整形外科,職業醫學科,西醫一般科,牙醫一般科,中醫一般科,"
美之姿整形外科診所,臺中市北區陜西路22號1、2樓、24號1、2樓、26號1、2樓,"整形外科,"
中國醫藥大學兒童醫院,臺中市北區學士路95號(1樓至7樓)、學士路2號(1樓部分空間)、育德路1號(8樓部分空間),"外科,兒科,骨科,泌尿科,眼科,精神科,復健科,麻醉科,放射診斷科,解剖病理科,急診醫學科,整形外科,牙醫一般科,"
中國醫藥大學附設醫院,臺中市北區育德路二號,"家庭醫學科,內科,外科,兒科,婦產科,骨科,神經科,神經外科,泌尿科,耳鼻喉科,眼科,皮膚科,精神科,復健科,麻醉科,放射診斷科,放射腫瘤科,解剖病理科,臨床病理科,核子醫學科,急診醫學科,整形外科,職業醫學科,西醫一般科,牙醫一般科,中醫一般科,"
潘朵拉美學整形外科診所,臺中市北區進化北路349號1樓,"整形外科,"
賴炳文整形外科診所,臺中市北區北平路一段79號1、2樓,"整形外科,"
劉永森整形外科診所,臺中市北區學士路83號4樓,"整形外科,"
趙文琪整形外科診所,臺中市西屯區市政北三路127號1、2、3樓,"整形外科,"
周爾康整形外科診所,臺中市西屯區大隆路185號3樓,"整形外科,"
澄清綜合醫院中港分院,臺中市西屯區臺灣大道4段966號,"家庭醫學科,內科,外科,兒科,婦產科,骨科,神經科,神經外科,泌尿科,耳鼻喉科,眼科,皮膚科,精神科,復健科,麻醉科,放射診斷科,放射腫瘤科,解剖病理科,核子醫學科,急診醫學科,整形外科,西醫一般科,牙醫一般科,"
EK美學診所,臺中市西屯區大隆路169號2樓,"皮膚科,"
廖建勝整形外科診所,臺中市西屯區臺灣大道二段833巷33號1樓,"整形外科,"
宜人美學診所,臺中市西屯區朝富路81號1樓、夾層,"整形外科,"
教主整形外科診所,臺中市西屯區大隆路168之1號2樓(部分),"整形外科,"
新聖整形外科診所,臺中市西屯區文心路二段201號2樓,"整形外科,"
莊詠婷皮膚科診所,臺中市西屯區龍德路二段528號1樓,"皮膚科,"
臺中榮民總醫院,臺中市西屯區臺灣大道4段1650號,"家庭醫學科,內科,外科,兒科,婦產科,骨科,神經科,神經外科,泌尿科,耳鼻喉科,眼科,皮膚科,精神科,復健科,麻醉科,放射診斷科,放射腫瘤科,解剖病理科,臨床病理科,核子醫學科,急診醫學科,整形外科,職業醫學科,西醫一般科,牙醫一般科,中醫一般科,"
歐美整形外科診所,臺中市西屯區弘孝路十三號一樓、十九號之一之二樓,"整形外科,"
首爾美學診所,臺中市西屯區府會園道179號5樓,"整形外科,"
張立言整形外科診所,臺中市西屯區市政北二路238號18樓之2、之3,"整形外科,"
耐斯整形外科診所,臺中市西屯區市政路137號1、2、3樓,"整形外科,"
生髮診所,臺中市西屯區文心路二段566之1號3樓之2,"皮膚科,"
新彩整形外科診所,臺中市南屯區五權西路二段629號2樓之10、631號1樓及夾層、633號1樓及夾層,"整形外科,"
林新醫療社團法人林新醫院,臺中市南屯區惠中路3段36號,"家庭醫學科,內科,外科,兒科,婦產科,骨科,神經科,神經外科,泌尿科,耳鼻喉科,眼科,精神科,復健科,麻醉科,放射診斷科,放射腫瘤科,解剖病理科,核子醫學科,急診醫學科,整形外科,牙醫一般科,"
美妍堂整形外科診所,臺中市南屯區五權西路二段270號1樓、2樓,"外科,整形外科,"
仙杜瑞拉整形外科診所,臺中市南屯區大墩7街327號2樓之1,"整形外科,"
邱品齊美之道皮膚科診所,臺中市南屯區文心南六路175號1樓,"皮膚科,"
悅彤美整形外科診所,臺中市南屯區東興路三段187號1樓、2樓、3樓,"整形外科,"
佳思優整形外科美學診所,臺中市南屯區公益路二段1號1、2樓,"整形外科,"
微媞時尚診所,臺中市南屯區向上路一段658號3、4樓,"整形外科,"
文心維格診所,臺中市南屯區大福街36號1樓,"皮膚科,"
采醫沛麗整形外科診所,臺中市北屯區文心路4段880號1、2樓,"整形外科,"
茂盛醫院,臺中市北屯區昌平路一段30-6號（1樓至4樓）,"家庭醫學科,外科,兒科,婦產科,皮膚科,麻醉科,放射診斷科,放射腫瘤科,"
黑傑克整形外科診所,臺中市北屯區崇德路二段128號3樓之1、之2、之3、之5,"整形外科,"
君綺美形診所,臺中市北屯區文心路四段876號1、2、3、4樓,"整形外科,"
麗安皮膚科診所,臺南市新營區大宏里三民路76-11、12號1、2樓,"皮膚科,"
柚欣尚水健康美學診所,臺南市麻豆區東角里興中路171-1號1-2樓,"整形外科,"
台灣基督長老教會新樓醫療財團法人麻豆新樓醫院,臺南市麻豆區麻佳路一段207號,"家庭醫學科,內科,外科,兒科,婦產科,骨科,神經科,神經外科,泌尿科,耳鼻喉科,眼科,皮膚科,精神科,復健科,麻醉科,放射診斷科,急診醫學科,整形外科,職業醫學科,牙醫一般科,中醫一般科,"
涂尚言皮膚科診所,臺南市佳里區六安里延平路401號,"皮膚科,"
奇美醫療財團法人佳里奇美醫院,臺南市佳里區佳興里佳里興606號,"家庭醫學科,內科,外科,兒科,婦產科,骨科,神經科,神經外科,泌尿科,眼科,復健科,麻醉科,放射診斷科,急診醫學科,整形外科,職業醫學科,牙醫一般科,"
奇美醫療財團法人柳營奇美醫院,臺南市柳營區太康里201號,"家庭醫學科,內科,外科,兒科,婦產科,骨科,神經科,神經外科,泌尿科,耳鼻喉科,眼科,精神科,復健科,麻醉科,放射診斷科,放射腫瘤科,解剖病理科,核子醫學科,急診醫學科,整形外科,職業醫學科,牙醫一般科,中醫一般科,"
慈雲診所,臺南市永康區大灣里大灣路一八八號,"內科,皮膚科,"
奇美醫療財團法人奇美醫院,臺南市永康區中華路901號,"家庭醫學科,內科,外科,兒科,婦產科,骨科,神經科,神經外科,泌尿科,耳鼻喉科,眼科,皮膚科,精神科,復健科,麻醉科,放射診斷科,放射腫瘤科,解剖病理科,臨床病理科,核子醫學科,急診醫學科,整形外科,職業醫學科,西醫一般科,牙醫一般科,中醫一般科,"
台南市立醫院(委託秀傳醫療社團法人經營),臺南市東區崇德路670號,"家庭醫學科,內科,外科,兒科,婦產科,骨科,神經科,神經外科,泌尿科,耳鼻喉科,眼科,皮膚科,精神科,復健科,麻醉科,放射診斷科,解剖病理科,急診醫學科,整形外科,職業醫學科,牙醫一般科,中醫一般科,"
首璽格爾整形外科診所,臺南市東區裕聖里裕義路676號1-2樓,"整形外科,"
台灣基督長老教會新樓醫療財團法人台南新樓醫院,臺南市東區東門路1段57號,"家庭醫學科,內科,外科,兒科,婦產科,骨科,神經科,神經外科,泌尿科,耳鼻喉科,眼科,皮膚科,精神科,復健科,麻醉科,放射診斷科,放射腫瘤科,解剖病理科,核子醫學科,急診醫學科,整形外科,職業醫學科,牙醫一般科,中醫一般科,"
杰美學診所,臺南市東區龍山里林森路一段360號1、2樓,"外科,整形外科,"
蔡皮膚科泌尿科診所,臺南市東區大福里大同路2段２５３號,"泌尿科,皮膚科,"
康錦華皮膚專科診所,臺南市東區東明里怡東路72巷2號1樓,"皮膚科,"
城東整形外科診所,臺南市東區富強里中華東路二段226巷27弄15號1樓,"整形外科,"
東寧愛爾麗整形外科診所,臺南市東區東光里東寧路156號2樓,"整形外科,"
達文西整形外科診所,臺南市東區小東里小東路138號2樓,"整形外科,"
凡登整形外科診所,臺南市東區中西里長榮路二段70號1樓,"麻醉科,整形外科,西醫一般科,"
林俞志皮膚科診所,臺南市東區龍山里長榮路1段188號1樓,"皮膚科,"
元和雅醫美診所,臺南市南區新興里健康路二段123號1、2、3樓,"整形外科,"
曾炳榮皮膚科診所,臺南市中西區小西里府前路１段３３７號,"皮膚科,"
中正伊美時尚診所,臺南市中西區中正路162號1、2樓,"麻醉科,整形外科,西醫一般科,"
健全曼哈頓醫美診所,臺南市中西區法華里大同路一段180號2-4樓,"整形外科,"
楊振整形外科診所,臺南市中西區青年里中山路28號1、2樓,"整形外科,"
衛生福利部臺南醫院,臺南市中西區中山路125號,"家庭醫學科,內科,外科,兒科,婦產科,骨科,神經科,神經外科,泌尿科,耳鼻喉科,眼科,精神科,復健科,麻醉科,放射診斷科,解剖病理科,急診醫學科,整形外科,牙醫一般科,中醫一般科,"
李宗瀚整形外科診所,臺南市中西區郡王里府前路１段165號2~3樓,"整形外科,"
郭綜合醫院,臺南市中西區民生路2段6.8.10.12.14.18.20.22.23.24.25.27.44號及40、42號1、2樓,"家庭醫學科,內科,外科,兒科,婦產科,骨科,神經科,神經外科,泌尿科,耳鼻喉科,眼科,皮膚科,精神科,復健科,麻醉科,放射診斷科,放射腫瘤科,解剖病理科,急診醫學科,整形外科,職業醫學科,"
非凡尚水整形外科診所,臺南市中西區法華里健康路一段42號1、2樓,"整形外科,"
高惠峯皮膚科診所,臺南市中西區法華里府連路41號1、2樓,"皮膚科,"
林炳煌皮膚科診所,臺南市北區和順里西門路３段159號13樓－2,"皮膚科,"
國立成功大學醫學院附設醫院,臺南市北區勝利路１３８號,"家庭醫學科,內科,外科,兒科,婦產科,骨科,神經科,神經外科,泌尿科,耳鼻喉科,眼科,皮膚科,精神科,復健科,麻醉科,放射診斷科,放射腫瘤科,解剖病理科,臨床病理科,核子醫學科,急診醫學科,整形外科,職業醫學科,西醫一般科,牙醫一般科,"
臺南市立安南醫院-委託中國醫藥大學興建經營,臺南市安南區長和路二段66號,"家庭醫學科,內科,外科,兒科,婦產科,骨科,神經科,神經外科,泌尿科,耳鼻喉科,眼科,皮膚科,精神科,復健科,麻醉科,放射診斷科,放射腫瘤科,解剖病理科,核子醫學科,急診醫學科,整形外科,職業醫學科,牙醫一般科,中醫一般科,"
文華尚水整形外科診所,臺南市安平區國平里永華七街17號1樓,"整形外科,西醫一般科,"
文華耳鼻喉科診所,高雄市鳳山區文化路117號1樓,"耳鼻喉科,皮膚科,"
財團法人私立高雄醫學大學附設高醫岡山醫院,高雄市岡山區捷安路8號地下3樓至2樓、6樓及10樓,"家庭醫學科,內科,外科,兒科,婦產科,骨科,神經科,神經外科,泌尿科,耳鼻喉科,眼科,皮膚科,精神科,復健科,麻醉科,放射診斷科,放射腫瘤科,解剖病理科,急診醫學科,整形外科,職業醫學科,中醫一般科,"
國軍高雄總醫院岡山分院附設民眾診療服務處,高雄市岡山區大義二路１號,"家庭醫學科,內科,外科,兒科,婦產科,骨科,神經科,泌尿科,精神科,復健科,麻醉科,放射診斷科,整形外科,牙醫一般科,"
衛生福利部旗山醫院,高雄市旗山區中學路６０號、東新街25巷8號1-2樓,"家庭醫學科,內科,外科,兒科,婦產科,骨科,神經科,神經外科,泌尿科,耳鼻喉科,眼科,皮膚科,精神科,復健科,麻醉科,放射診斷科,解剖病理科,急診醫學科,牙醫一般科,中醫一般科,"
建佑醫院,高雄市林園區東林西路358號1樓-4樓、360號地下1樓-5樓、362號地下1樓-7樓、364巷10號地下1樓-6樓、364巷10之1號1樓-3樓、364巷10之2號1樓-4樓、399號1樓-4樓及407巷7號1樓-3樓,"家庭醫學科,內科,外科,兒科,婦產科,骨科,神經外科,泌尿科,耳鼻喉科,眼科,精神科,復健科,麻醉科,放射診斷科,整形外科,牙醫一般科,"
雅柏診所,高雄市鳥松區大華里本館路331號1樓(含夾層),"整形外科,"
長庚醫療財團法人高雄長庚紀念醫院,高雄市鳥松區大埤路１２３號,"家庭醫學科,內科,外科,兒科,婦產科,骨科,神經科,神經外科,泌尿科,耳鼻喉科,眼科,皮膚科,精神科,復健科,麻醉科,放射診斷科,放射腫瘤科,解剖病理科,臨床病理科,核子醫學科,急診醫學科,整形外科,職業醫學科,西醫一般科,牙醫一般科,中醫一般科,"
義大醫療財團法人義大醫院,高雄市燕巢區角宿里義大路1號,"家庭醫學科,內科,外科,兒科,婦產科,骨科,神經科,神經外科,泌尿科,耳鼻喉科,眼科,皮膚科,精神科,復健科,麻醉科,放射診斷科,放射腫瘤科,解剖病理科,臨床病理科,核子醫學科,急診醫學科,整形外科,職業醫學科,西醫一般科,牙醫一般科,中醫一般科,"
義大醫療財團法人義大癌治療醫院,高雄市燕巢區角宿里義大路21號B2-10F,"家庭醫學科,內科,外科,兒科,婦產科,骨科,神經科,神經外科,泌尿科,耳鼻喉科,皮膚科,精神科,復健科,麻醉科,放射診斷科,放射腫瘤科,解剖病理科,急診醫學科,整形外科,牙醫一般科,中醫一般科,"
美真集整形外科診所,高雄市鼓山區明倫路490號1〜4樓,"整形外科,"
美塑館整形外科診所,高雄市鼓山區龍勝路8號2樓,"整形外科,"
首璽格爾整形外科診所,高雄市鼓山區裕誠路2038號1樓、2040號1〜2樓,"整形外科,"
群英整形外科診所,高雄市鼓山區明誠三路681號1樓,"整形外科,"
頤森美學診所,高雄市鼓山區美術館路287號1樓,"整形外科,"
風華御髮植髮診所,高雄市鼓山區文信路234號2樓,"整形外科,"
媛和美整形外科診所,高雄市鼓山區大順一路863號1樓,"整形外科,"
陽明醫美整形外科診所,高雄市鼓山區明誠三路657號1樓,"整形外科,"
高雄市立聯合醫院,高雄市鼓山區中華一路976號,"家庭醫學科,內科,外科,兒科,婦產科,骨科,神經科,神經外科,泌尿科,耳鼻喉科,眼科,精神科,復健科,麻醉科,放射診斷科,放射腫瘤科,解剖病理科,核子醫學科,急診醫學科,整形外科,牙醫一般科,中醫一般科,"
馨蕙馨醫院,高雄市左營區明誠二路五四一號,"家庭醫學科,內科,外科,婦產科,眼科,麻醉科,放射診斷科,整形外科,牙醫一般科,"
米蘭時尚診所,高雄市左營區華夏路1075號1、2樓,"整形外科,"
雅典娜整形外科診所,高雄市左營區博愛三路10號1+2樓,"麻醉科,整形外科,"
博田國際醫院,高雄市左營區博愛二路100號,"家庭醫學科,內科,外科,骨科,神經科,神經外科,泌尿科,眼科,皮膚科,復健科,麻醉科,放射診斷科,整形外科,中醫一般科,"
高雄榮民總醫院,高雄市左營區大中一路３８６號,"家庭醫學科,內科,外科,兒科,婦產科,骨科,神經科,神經外科,泌尿科,耳鼻喉科,眼科,皮膚科,精神科,復健科,麻醉科,放射診斷科,放射腫瘤科,解剖病理科,臨床病理科,核子醫學科,急診醫學科,整形外科,職業醫學科,西醫一般科,牙醫一般科,中醫一般科,"
國軍左營總醫院附設民眾診療服務處,高雄市左營區軍校路５５３號,"家庭醫學科,內科,外科,兒科,婦產科,骨科,神經科,神經外科,泌尿科,耳鼻喉科,眼科,皮膚科,精神科,復健科,麻醉科,放射診斷科,放射腫瘤科,解剖病理科,核子醫學科,急診醫學科,整形外科,職業醫學科,牙醫一般科,中醫一般科,"
巨蛋時尚假期整形醫美診所,"高雄市左營區博愛二路420號1,2F","整形外科,"
郭獻智皮膚科診所,高雄市楠梓區後昌路１４７號,"皮膚科,"
右昌聯合醫院,高雄市楠梓區軍校路930號B1-11F,"家庭醫學科,內科,外科,骨科,泌尿科,耳鼻喉科,復健科,麻醉科,放射診斷科,整形外科,牙醫一般科,"
吳傳壽整形外科診所,高雄市三民區中華二路306號1-3樓,"整形外科,"
財團法人私立高雄醫學大學附設中和紀念醫院,高雄市三民區十全一路100號及新興區中山一路36號,"家庭醫學科,內科,外科,兒科,婦產科,骨科,神經科,神經外科,泌尿科,耳鼻喉科,眼科,皮膚科,精神科,復健科,麻醉科,放射診斷科,放射腫瘤科,解剖病理科,臨床病理科,核子醫學科,急診醫學科,整形外科,職業醫學科,西醫一般科,牙醫一般科,中醫一般科,"
湯崇彥整形外科診所,高雄市三民區十全一路466號1樓、2樓,"整形外科,"
順安內科兒科診所,高雄市三民區自強一路２２９號,"內科,整形外科,"
蔡志成整形外科診所,高雄市三民區民族一路509號一樓二樓,"整形外科,"
義大醫療財團法人義大大昌醫院,高雄市三民區大昌一路305號地下3樓至地上10樓、307號地上1樓、309號地下1樓至地上3樓、309號地上6樓至地上10樓及311號地下1樓至地上1樓,"家庭醫學科,內科,外科,兒科,婦產科,骨科,神經科,神經外科,泌尿科,耳鼻喉科,皮膚科,精神科,復健科,麻醉科,放射診斷科,急診醫學科,整形外科,牙醫一般科,中醫一般科,"
邱育德整形外科診所,高雄市新興區中山一路２３８號一樓二樓三樓,"整形外科,"
江禎平整形外科診所,高雄市新興區七賢一路457號二樓,"整形外科,"
美博仕診所,高雄市新興區八德一路311號1樓2樓3樓,"整形外科,"
白璧美學整形外科診所,高雄市新興區大同一路185號一樓二樓,"整形外科,"
林才民整形外科診所,高雄市前金區自強二路172號2樓之1、170號4樓之2,"整形外科,"
高雄市立大同醫院(委託財團法人私立高雄醫學大學經營),高雄市前金區中華三路68號,"家庭醫學科,內科,外科,兒科,婦產科,骨科,神經科,神經外科,泌尿科,耳鼻喉科,眼科,皮膚科,精神科,復健科,麻醉科,放射診斷科,放射腫瘤科,解剖病理科,急診醫學科,整形外科,職業醫學科,牙醫一般科,"
婡醫佳人整形診所,高雄市前金區市中一路282號1~5樓,"整形外科,"
阮綜合醫療社團法人阮綜合醫院,高雄市苓雅區成功一路156號1-3樓及162號B1-10樓.四維四路136號B4-12樓.166號B2-13樓.永昌街49號1-6樓,"家庭醫學科,內科,外科,兒科,婦產科,骨科,神經科,神經外科,泌尿科,耳鼻喉科,眼科,皮膚科,精神科,復健科,麻醉科,放射診斷科,放射腫瘤科,解剖病理科,核子醫學科,急診醫學科,整形外科,職業醫學科,西醫一般科,牙醫一般科,"
國軍高雄總醫院附設民眾診療服務處,高雄市苓雅區建軍路５號,"家庭醫學科,內科,外科,兒科,婦產科,骨科,神經科,神經外科,泌尿科,耳鼻喉科,眼科,皮膚科,精神科,復健科,麻醉科,放射診斷科,放射腫瘤科,解剖病理科,臨床病理科,核子醫學科,急診醫學科,整形外科,牙醫一般科,中醫一般科,"
曹賜斌整形外科診所,高雄市苓雅區建國ㄧ路９０號４樓,"整形外科,"
高雄市立民生醫院,高雄市苓雅區凱旋二路134號,"家庭醫學科,內科,外科,兒科,婦產科,骨科,神經科,泌尿科,耳鼻喉科,眼科,皮膚科,復健科,麻醉科,放射診斷科,解剖病理科,急診醫學科,職業醫學科,牙醫一般科,"
巧天工整形外科診所,高雄市苓雅區永定街62號1樓,"整形外科,"
徐永昌整形外科診所,高雄市苓雅區中山二路412號２樓,"整形外科,"
美莉整形診所,高雄市苓雅區正義路263號1、2、3樓,"整形外科,"
信義醫療財團法人高雄基督教醫院,高雄市苓雅區華新街８６號,"家庭醫學科,內科,眼科,皮膚科,復健科,"
高雄綺色佳整形外科醫美診所,高雄市苓雅區華堂里永樂街112號1樓、2樓,"整形外科,"
豐髮診所,高雄市前鎮區民權二路428號2樓,"整形外科,"
安泰醫院,高雄市小港區學府路111號,"內科,外科,骨科,神經科,復健科,麻醉科,放射診斷科,整形外科,"
高雄市立小港醫院(委託財團法人私立高雄醫學大學經營),高雄市小港區山明里山明路482號B1-10樓、宏光街289號B3-10樓,"家庭醫學科,內科,外科,兒科,婦產科,骨科,神經科,泌尿科,耳鼻喉科,眼科,皮膚科,精神科,復健科,麻醉科,放射診斷科,放射腫瘤科,解剖病理科,核子醫學科,急診醫學科,職業醫學科,牙醫一般科,"
醫療財團法人臺灣區煤礦業基金會臺灣礦工醫院,基隆市暖暖區源遠路２９號,"家庭醫學科,內科,外科,骨科,神經科,泌尿科,皮膚科,復健科,麻醉科,放射診斷科,急診醫學科,牙醫一般科,"
妮可美麗整形外科診所,基隆市仁愛區仁一路257號2樓,"整形外科,"
長庚醫療財團法人基隆長庚紀念醫院,基隆市安樂區麥金路222號(行政院區麥金路201號),"家庭醫學科,內科,外科,兒科,婦產科,骨科,神經科,神經外科,泌尿科,耳鼻喉科,眼科,皮膚科,精神科,復健科,麻醉科,放射診斷科,放射腫瘤科,解剖病理科,臨床病理科,核子醫學科,急診醫學科,整形外科,職業醫學科,西醫一般科,牙醫一般科,中醫一般科,"
衛生福利部基隆醫院,基隆市信義區信二路２６８號,"家庭醫學科,內科,外科,兒科,婦產科,骨科,神經科,神經外科,泌尿科,耳鼻喉科,眼科,皮膚科,精神科,復健科,麻醉科,放射診斷科,解剖病理科,急診醫學科,牙醫一般科,中醫一般科,"
國泰醫療財團法人新竹國泰綜合醫院,新竹市東區福德里中華路二段六七八號及六七八號之一,"家庭醫學科,內科,外科,兒科,婦產科,骨科,神經科,神經外科,泌尿科,耳鼻喉科,眼科,皮膚科,復健科,麻醉科,放射診斷科,急診醫學科,整形外科,牙醫一般科,"
台灣基督長老教會馬偕醫療財團法人新竹馬偕紀念醫院,新竹市東區光復里光復路二段690號,"家庭醫學科,內科,外科,兒科,婦產科,骨科,神經科,神經外科,泌尿科,耳鼻喉科,眼科,皮膚科,精神科,復健科,麻醉科,放射診斷科,放射腫瘤科,解剖病理科,核子醫學科,急診醫學科,整形外科,西醫一般科,牙醫一般科,"
新竹市立馬偕兒童醫院(委託台灣基督長老教會馬偕醫療財團法人興建經營),新竹市東區建功里建功二路28號,"外科,兒科,婦產科,骨科,神經外科,耳鼻喉科,眼科,皮膚科,精神科,復健科,麻醉科,放射診斷科,解剖病理科,急診醫學科,牙醫一般科,"
羅啟華整形外科診所,新竹市東區三民里民族路99號,"整形外科,"
南門綜合醫院,新竹市東區成功里林森路20號,"家庭醫學科,內科,外科,兒科,婦產科,骨科,神經科,神經外科,泌尿科,耳鼻喉科,復健科,麻醉科,放射診斷科,急診醫學科,整形外科,職業醫學科,牙醫一般科,"
國立臺灣大學醫學院附設醫院新竹臺大分院新竹醫院,新竹市北區金華里經國路一段442巷25號,"家庭醫學科,內科,外科,兒科,婦產科,骨科,神經科,神經外科,泌尿科,耳鼻喉科,眼科,皮膚科,精神科,復健科,麻醉科,放射診斷科,放射腫瘤科,解剖病理科,臨床病理科,核子醫學科,急診醫學科,整形外科,職業醫學科,西醫一般科,牙醫一般科,"
國軍桃園總醫院新竹分院附設民眾診療服務處,新竹市北區武陵路3號,"家庭醫學科,內科,外科,兒科,婦產科,骨科,神經科,神經外科,泌尿科,耳鼻喉科,眼科,皮膚科,精神科,復健科,麻醉科,放射診斷科,解剖病理科,急診醫學科,牙醫一般科,中醫一般科,"
陽明醫院,嘉義市東區吳鳳北路252號,"家庭醫學科,內科,外科,婦產科,骨科,神經科,神經外科,泌尿科,皮膚科,精神科,復健科,麻醉科,放射診斷科,急診醫學科,牙醫一般科,"
天主教中華聖母修女會醫療財團法人天主教聖馬爾定醫院,嘉義市東區短竹里大雅路二段565號,"家庭醫學科,內科,外科,兒科,婦產科,骨科,神經科,神經外科,泌尿科,耳鼻喉科,眼科,皮膚科,精神科,復健科,麻醉科,放射診斷科,放射腫瘤科,解剖病理科,核子醫學科,急診醫學科,職業醫學科,牙醫一般科,中醫一般科,"
戴德森醫療財團法人嘉義基督教醫院,嘉義市東區中庄里忠孝路539號；東區後湖里保建街100號；東區頂庄里忠孝路642號；中庄里忠孝路539-3號；中庄里忠孝路539-1號3~7樓,"家庭醫學科,內科,外科,兒科,婦產科,骨科,神經科,神經外科,泌尿科,耳鼻喉科,眼科,皮膚科,精神科,復健科,麻醉科,放射診斷科,放射腫瘤科,解剖病理科,臨床病理科,核子醫學科,急診醫學科,整形外科,職業醫學科,西醫一般科,牙醫一般科,中醫一般科,"
極緻無雙整形外科診所,嘉義市西區林森西路257號1~2樓,"整形外科,"
臺中榮民總醫院嘉義分院,嘉義市西區劉厝里世賢路二段６００號,"家庭醫學科,內科,外科,兒科,婦產科,骨科,神經科,神經外科,泌尿科,耳鼻喉科,眼科,精神科,復健科,麻醉科,放射診斷科,放射腫瘤科,解剖病理科,核子醫學科,急診醫學科,整形外科,職業醫學科,牙醫一般科,中醫一般科,"
光澤診所,新北市板橋區中山路1段3號5樓、5樓之1、5樓之2、5樓之3、5樓之5、6樓、6樓之1、6樓之2、6樓之3、6樓之5、6樓之6、6樓之7,"外科,整形外科,"
樂菲整形外科診所,新北市板橋區中山路一段13號3、4樓及15號3、4樓,"整形外科,"
米蘭時尚診所,新北市板橋區新府路1之5號(1樓及夾層),"整形外科,"
醫療財團法人徐元智先生醫藥基金會亞東紀念醫院,新北市板橋區南雅南路二段21號及高爾富路300號,"家庭醫學科,內科,外科,兒科,婦產科,骨科,神經科,神經外科,泌尿科,耳鼻喉科,眼科,皮膚科,精神科,復健科,麻醉科,放射診斷科,放射腫瘤科,解剖病理科,臨床病理科,核子醫學科,急診醫學科,整形外科,職業醫學科,西醫一般科,牙醫一般科,中醫一般科,"
呂恒明皮膚科診所,新北市三重區三和路二段一七八號,"皮膚科,"
新北市立聯合醫院,新北市三重區新北大道1段3號、3之1號,"家庭醫學科,內科,外科,兒科,婦產科,骨科,神經科,神經外科,泌尿科,耳鼻喉科,眼科,皮膚科,精神科,復健科,麻醉科,放射診斷科,解剖病理科,核子醫學科,急診醫學科,整形外科,牙醫一般科,中醫一般科,"
吉田診所,新北市三重區中正北路１７４之７號,"耳鼻喉科,皮膚科,"
上立皮膚科診所,新北市永和區中山路一段75號1、2樓,"皮膚科,"
天主教耕莘醫療財團法人永和耕莘醫院,新北市永和區中興街80號地下1樓至地上6樓及國光路123號地下3樓至地上11樓,"家庭醫學科,內科,外科,兒科,婦產科,骨科,神經科,神經外科,泌尿科,耳鼻喉科,眼科,皮膚科,精神科,復健科,麻醉科,放射診斷科,解剖病理科,急診醫學科,職業醫學科,牙醫一般科,中醫一般科,"
衛生福利部雙和醫院(委託臺北醫學大學興建經營),新北市中和區中正路291號醫療大樓地下2層至地上12層、中和區圓通路301號教學研究大樓及生醫科技大樓2幢,"家庭醫學科,內科,外科,兒科,婦產科,骨科,神經科,神經外科,泌尿科,耳鼻喉科,眼科,皮膚科,精神科,復健科,麻醉科,放射診斷科,放射腫瘤科,解剖病理科,臨床病理科,核子醫學科,急診醫學科,整形外科,職業醫學科,西醫一般科,牙醫一般科,"
采風美學診所,新北市中和區景平路383之5號1樓,"皮膚科,"
中和容光皮膚專科診所,"新北市中和區景新街452號(1,2樓)","耳鼻喉科,皮膚科,"
天主教耕莘醫療財團法人耕莘醫院,新北市新店區中正路362號,"家庭醫學科,內科,外科,兒科,婦產科,骨科,神經科,神經外科,泌尿科,耳鼻喉科,眼科,皮膚科,精神科,復健科,麻醉科,放射診斷科,放射腫瘤科,解剖病理科,臨床病理科,核子醫學科,急診醫學科,整形外科,職業醫學科,西醫一般科,牙醫一般科,中醫一般科,"
101SKIN晶漾診所,新北市新店區北新路三段145號3樓,"皮膚科,"
品川診所,新北市新店區北新路三段136號1樓,"皮膚科,"
佛教慈濟醫療財團法人台北慈濟醫院,新北市新店區建國路277號地上1、3、4樓及289號地下1至3樓至地上1至15樓,"家庭醫學科,內科,外科,兒科,婦產科,骨科,神經科,神經外科,泌尿科,耳鼻喉科,眼科,皮膚科,精神科,復健科,麻醉科,放射診斷科,放射腫瘤科,解剖病理科,臨床病理科,核子醫學科,急診醫學科,整形外科,職業醫學科,西醫一般科,牙醫一般科,中醫一般科,"
衛生福利部臺北醫院,新北市新莊區思源路127號、長青街6號2樓、3樓,"家庭醫學科,內科,外科,兒科,婦產科,骨科,神經科,神經外科,泌尿科,耳鼻喉科,眼科,皮膚科,精神科,復健科,麻醉科,放射診斷科,放射腫瘤科,解剖病理科,核子醫學科,急診醫學科,整形外科,職業醫學科,西醫一般科,牙醫一般科,中醫一般科,"
信賴皮膚專科診所,新北市新莊區幸福路52號1樓,"皮膚科,"
三峽光澤診所,新北市三峽區大學路100號1樓、2樓,"整形外科,"
行天宮醫療志業醫療財團法人恩主公醫院,新北市三峽區復興路399號、中山路198、258號,"家庭醫學科,內科,外科,兒科,婦產科,骨科,神經科,神經外科,泌尿科,耳鼻喉科,眼科,皮膚科,精神科,復健科,麻醉科,放射診斷科,放射腫瘤科,解剖病理科,核子醫學科,急診醫學科,整形外科,職業醫學科,牙醫一般科,中醫一般科,"
台灣基督長老教會馬偕醫療財團法人淡水馬偕紀念醫院,新北市淡水區民生路四十五號、民權路47號B1~11樓,"家庭醫學科,內科,外科,兒科,婦產科,骨科,神經科,神經外科,泌尿科,耳鼻喉科,眼科,皮膚科,精神科,復健科,麻醉科,放射診斷科,放射腫瘤科,解剖病理科,臨床病理科,核子醫學科,急診醫學科,整形外科,職業醫學科,牙醫一般科,中醫一般科,"
得美皮膚專科診所,新北市汐止區忠孝東路427號1樓,"皮膚科,"
國泰醫療財團法人汐止國泰綜合醫院,新北市汐止區建成路59巷2號地下4樓至地上12樓,"家庭醫學科,內科,外科,兒科,婦產科,骨科,神經科,神經外科,泌尿科,耳鼻喉科,眼科,皮膚科,精神科,復健科,麻醉科,放射診斷科,放射腫瘤科,解剖病理科,核子醫學科,急診醫學科,整形外科,牙醫一般科,"
新北市立土城醫院(委託長庚醫療財團法人興建經營),新北市土城區金城路二段6號,"家庭醫學科,內科,外科,兒科,婦產科,骨科,神經科,神經外科,泌尿科,耳鼻喉科,眼科,皮膚科,精神科,復健科,麻醉科,放射診斷科,放射腫瘤科,解剖病理科,核子醫學科,急診醫學科,整形外科,職業醫學科,牙醫一般科,中醫一般科,"
輔仁大學學校財團法人輔仁大學附設醫院,新北市泰山區貴子路69號(地下4層、地上1至13層、15層),"家庭醫學科,內科,外科,兒科,婦產科,骨科,神經科,神經外科,泌尿科,耳鼻喉科,眼科,皮膚科,精神科,復健科,麻醉科,放射診斷科,放射腫瘤科,解剖病理科,臨床病理科,核子醫學科,急診醫學科,整形外科,職業醫學科,西醫一般科,牙醫一般科,"
瑪莉時尚診所,新北市林口區文化二路一段571之5號2樓,"整形外科,"
彤顏診所,新北市林口區文化二路一段170號1樓,"皮膚科,"
米蘭時尚診所,桃園市桃園區新埔六街85號1樓、2樓,"皮膚科,"
美加醫美診所,桃園市桃園區同德二街131號2樓,"整形外科,"
桃園彤顏診所,桃園市桃園區中正路985號1樓,"皮膚科,"
敏盛綜合醫院,桃園市桃園區經國路168號,"家庭醫學科,內科,外科,兒科,婦產科,骨科,神經科,神經外科,泌尿科,耳鼻喉科,眼科,皮膚科,精神科,復健科,麻醉科,放射診斷科,放射腫瘤科,解剖病理科,核子醫學科,急診醫學科,整形外科,職業醫學科,"
全方位美學醫美診所,桃園市桃園區復興路57號2樓、59號1樓及2樓,"整形外科,"
白皮膚科診所,桃園市桃園區文化街5號1樓,"皮膚科,"
彫顏整形外科診所,桃園市桃園區永安路219號2樓,"整形外科,"
金芝妍醫美診所,桃園市桃園區同德六街77號2樓,"整形外科,"
邱建中皮膚科診所,桃園市桃園區博愛路47號1樓,"皮膚科,"
瑞倍佳整形外科診所,桃園市桃園區中正路1121號3樓,"整形外科,"
阡仁整型外科診所,桃園市桃園區中正路620號1樓,"整形外科,"
采欣診所,桃園市桃園區南平路332號2樓,"整形外科,"
衛生福利部桃園醫院,桃園市桃園區中山路1492號,"家庭醫學科,內科,外科,兒科,婦產科,骨科,神經科,神經外科,泌尿科,耳鼻喉科,眼科,皮膚科,精神科,復健科,麻醉科,放射診斷科,放射腫瘤科,解剖病理科,臨床病理科,核子醫學科,急診醫學科,整形外科,職業醫學科,西醫一般科,牙醫一般科,中醫一般科,"
陽光燦亮診所,桃園市桃園區三民路三段120號1樓,"整形外科,"
晶華醫美診所,桃園市桃園區藝文1街26號1樓及2樓,"外科,整形外科,"
風華御髮植髮診所,桃園市桃園區中正路271號3樓,"整形外科,"
風華桃園整形外科診所,桃園市桃園區中正路273號4樓,"整形外科,"
安娜貝爾整形外科診所,桃園市中壢區民權路356及358號,"整形外科,"
用心聯合診所,桃園市中壢區復興路４３號1樓2樓3樓,"眼科,皮膚科,"
崇尚國際醫美診所,桃園市中壢區中山路185號3樓,"整形外科,"
首名整形外科診所,桃園市中壢區元化路79號,"整形外科,"
張皮膚科診所,桃園市中壢區元化路107號1樓,"皮膚科,"
彤顏診所,桃園市中壢區元化路271巷22號2、3樓及24號2、3樓,"皮膚科,整形外科,"
天成醫療社團法人天晟醫院,桃園市中壢區延平路155號,"家庭醫學科,內科,外科,兒科,婦產科,骨科,神經科,神經外科,泌尿科,耳鼻喉科,眼科,皮膚科,精神科,復健科,麻醉科,放射診斷科,解剖病理科,急診醫學科,職業醫學科,牙醫一般科,"
河畔皮膚專科診所,桃園市蘆竹區大正街27號1樓,"皮膚科,"
長庚醫療財團法人桃園長庚紀念醫院,桃園市龜山區舊路里頂湖路123號、123之1號,"家庭醫學科,內科,外科,兒科,婦產科,骨科,神經科,泌尿科,耳鼻喉科,眼科,皮膚科,精神科,復健科,麻醉科,放射診斷科,解剖病理科,核子醫學科,急診醫學科,整形外科,牙醫一般科,中醫一般科,"
長庚醫療財團法人林口長庚紀念醫院,桃園市龜山區公西里復興街5號、5之7號及文化一路15號,"家庭醫學科,內科,外科,兒科,婦產科,骨科,神經科,神經外科,泌尿科,耳鼻喉科,眼科,皮膚科,精神科,復健科,麻醉科,放射診斷科,放射腫瘤科,解剖病理科,臨床病理科,核子醫學科,急診醫學科,整形外科,職業醫學科,西醫一般科,牙醫一般科,中醫一般科,"
國軍桃園總醫院附設民眾診療服務處,桃園市龍潭區中興路168號,"家庭醫學科,內科,外科,兒科,婦產科,骨科,神經科,神經外科,泌尿科,耳鼻喉科,眼科,皮膚科,精神科,復健科,麻醉科,放射診斷科,放射腫瘤科,臨床病理科,核子醫學科,急診醫學科,整形外科,職業醫學科,牙醫一般科,中醫一般科,"
聯新國際醫院,桃園市平鎮區廣泰路七七號、桃園市平鎮區延平路二段430巷115號,"家庭醫學科,內科,外科,兒科,婦產科,骨科,神經科,神經外科,泌尿科,耳鼻喉科,眼科,皮膚科,精神科,復健科,麻醉科,放射診斷科,放射腫瘤科,解剖病理科,臨床病理科,核子醫學科,急診醫學科,整形外科,職業醫學科,牙醫一般科,中醫一般科,"
江皮膚科診所,桃園市新屋區中華路427號1樓,"皮膚科,"
國立臺灣大學醫學院附設醫院新竹臺大分院生醫醫院,新竹縣竹北市生醫路一段2號,"家庭醫學科,內科,外科,兒科,婦產科,骨科,神經科,泌尿科,耳鼻喉科,眼科,皮膚科,精神科,復健科,麻醉科,放射診斷科,放射腫瘤科,解剖病理科,核子醫學科,急診醫學科,牙醫一般科,"
人本美學整形外科診所,新竹縣竹北市縣政九路207號,"整形外科,"
何鈞軒皮膚科診所,新竹縣竹北市文喜街3號,"皮膚科,"
風華御髮植髮診所,新竹縣竹北市高鐵二路38號1樓及1樓夾層,"整形外科,"
劉家麟皮膚專科診所,新竹縣竹北市縣政九路一六二號一樓,"皮膚科,"
凡登整形外科診所,新竹縣竹北市文興路一段39號1-2樓,"麻醉科,整形外科,"
中國醫藥大學新竹附設醫院,新竹縣竹北市興隆路一段199號,"家庭醫學科,內科,外科,兒科,婦產科,骨科,神經科,神經外科,泌尿科,耳鼻喉科,眼科,精神科,復健科,麻醉科,放射診斷科,放射腫瘤科,解剖病理科,臨床病理科,核子醫學科,急診醫學科,整形外科,職業醫學科,牙醫一般科,中醫一般科,"
國立陽明交通大學附設醫院,宜蘭縣宜蘭市校舍路169號,"家庭醫學科,內科,外科,兒科,婦產科,骨科,神經科,神經外科,泌尿科,耳鼻喉科,眼科,精神科,復健科,麻醉科,放射診斷科,放射腫瘤科,解剖病理科,核子醫學科,急診醫學科,整形外科,職業醫學科,西醫一般科,牙醫一般科,中醫一般科,"
天主教靈醫會醫療財團法人羅東聖母醫院,宜蘭縣羅東鎮中正南路160號,"家庭醫學科,內科,外科,兒科,婦產科,骨科,神經科,神經外科,泌尿科,耳鼻喉科,眼科,皮膚科,精神科,復健科,麻醉科,放射診斷科,放射腫瘤科,解剖病理科,核子醫學科,急診醫學科,整形外科,職業醫學科,牙醫一般科,"
現代美學整形外科診所,宜蘭縣羅東鎮光榮路61-3號,"外科,整形外科,"
醫療財團法人羅許基金會羅東博愛醫院,宜蘭縣羅東鎮南昌街81、83號站前南路61、63號,"家庭醫學科,內科,外科,兒科,婦產科,骨科,神經科,神經外科,泌尿科,耳鼻喉科,眼科,皮膚科,精神科,復健科,麻醉科,放射診斷科,放射腫瘤科,解剖病理科,核子醫學科,急診醫學科,整形外科,職業醫學科,牙醫一般科,"
衛生福利部苗栗醫院,苗栗縣苗栗市為公路747號,"家庭醫學科,內科,外科,兒科,婦產科,骨科,神經科,神經外科,泌尿科,耳鼻喉科,眼科,精神科,復健科,麻醉科,放射診斷科,解剖病理科,急診醫學科,整形外科,職業醫學科,牙醫一般科,中醫一般科,"
大千綜合醫院,苗栗縣苗栗市大同路133號1至6樓(81栗建管苗字第405號)、大同路133號1至4樓(77栗建管苗字第00414號)信義路23號地下層（一）及1至7樓(85栗建管苗字第287號)恭敬路36號地下第3層及1至9樓 (97栗商建苗使字第00112號)、信義街36號1至8樓（101）栗商建苗使字第00127號,"家庭醫學科,內科,外科,兒科,婦產科,骨科,神經科,神經外科,泌尿科,復健科,麻醉科,放射診斷科,放射腫瘤科,解剖病理科,核子醫學科,急診醫學科,整形外科,職業醫學科,牙醫一般科,"
林介山泌尿科皮膚科診所,彰化縣彰化市長興街５２號,"泌尿科,皮膚科,"
彰化基督教醫療財團法人彰化基督教醫院,彰化縣彰化市南校街135號、中華路176號、旭光路235、旭光路320號(地下2樓至地下5樓、地上12樓至地上14樓),"家庭醫學科,內科,外科,婦產科,骨科,神經科,神經外科,泌尿科,耳鼻喉科,眼科,皮膚科,精神科,復健科,麻醉科,放射診斷科,放射腫瘤科,解剖病理科,臨床病理科,核子醫學科,急診醫學科,整形外科,職業醫學科,西醫一般科,牙醫一般科,中醫一般科,"
彰化基督教醫療財團法人彰化基督教兒童醫院,彰化縣彰化市光南里13鄰旭光路320號(地下1樓至地上11樓),"外科,兒科,骨科,神經外科,泌尿科,耳鼻喉科,皮膚科,精神科,復健科,麻醉科,放射診斷科,牙醫一般科,"
黃慶宗皮膚科診所,彰化縣彰化市和平路１１６號,"皮膚科,"
全方位整形外科診所,彰化縣彰化市南瑤里中正路二段825號1、2樓,"整形外科,"
秀傳醫療社團法人秀傳紀念醫院,彰化縣彰化市南瑤里中山路1段536、542號(醫療大樓)、彰化縣彰化市南瑤里南平街61巷6號(健檢中心)、彰化縣彰化市南瑤里中山路1段530巷123號(醫研大樓),"家庭醫學科,內科,外科,兒科,婦產科,骨科,神經科,神經外科,泌尿科,耳鼻喉科,眼科,皮膚科,精神科,復健科,麻醉科,放射診斷科,放射腫瘤科,解剖病理科,核子醫學科,急診醫學科,整形外科,職業醫學科,西醫一般科,牙醫一般科,中醫一般科,"
秀傳醫療財團法人彰濱秀傳紀念醫院,彰化縣鹿港鎮鹿工路6號、6-2號,"家庭醫學科,內科,外科,兒科,婦產科,骨科,神經科,神經外科,泌尿科,耳鼻喉科,眼科,皮膚科,精神科,復健科,麻醉科,放射診斷科,放射腫瘤科,解剖病理科,核子醫學科,急診醫學科,整形外科,職業醫學科,牙醫一般科,中醫一般科,"
員榮醫療社團法人員榮醫院,彰化縣員林市中正路201號,"家庭醫學科,內科,外科,婦產科,骨科,神經科,泌尿科,復健科,麻醉科,放射診斷科,急診醫學科,整形外科,牙醫一般科,中醫一般科,"
惠來醫療社團法人宏仁醫院,彰化縣員林市惠來里惠來街89號,"家庭醫學科,內科,外科,神經科,皮膚科,復健科,放射診斷科,"
衛生福利部彰化醫院,彰化縣埔心鄉中正路二段80號,"家庭醫學科,內科,外科,兒科,婦產科,骨科,神經科,神經外科,泌尿科,耳鼻喉科,眼科,皮膚科,精神科,復健科,麻醉科,放射診斷科,放射腫瘤科,解剖病理科,急診醫學科,牙醫一般科,中醫一般科,"
衛生福利部南投醫院,南投縣南投市復興路478號,"家庭醫學科,內科,外科,兒科,婦產科,骨科,神經科,神經外科,泌尿科,眼科,皮膚科,精神科,復健科,麻醉科,放射診斷科,放射腫瘤科,解剖病理科,臨床病理科,核子醫學科,急診醫學科,整形外科,牙醫一般科,中醫一般科,"
埔基醫療財團法人埔里基督教醫院,南投縣埔里鎮鐵山路一號,"家庭醫學科,內科,外科,兒科,婦產科,骨科,神經科,泌尿科,耳鼻喉科,眼科,皮膚科,精神科,復健科,麻醉科,放射診斷科,放射腫瘤科,解剖病理科,急診醫學科,整形外科,牙醫一般科,中醫一般科,"
國立臺灣大學醫學院附設醫院雲林分院,雲林縣斗六市雲林路二段579號,"家庭醫學科,內科,外科,兒科,婦產科,骨科,神經科,神經外科,泌尿科,耳鼻喉科,眼科,皮膚科,精神科,復健科,麻醉科,放射診斷科,放射腫瘤科,解剖病理科,臨床病理科,核子醫學科,急診醫學科,整形外科,職業醫學科,西醫一般科,牙醫一般科,"
長庚醫療財團法人嘉義長庚紀念醫院,嘉義縣朴子市仁和里長庚一路六號、嘉朴路西段八號,"家庭醫學科,內科,外科,兒科,婦產科,骨科,神經科,神經外科,泌尿科,耳鼻喉科,眼科,皮膚科,精神科,復健科,麻醉科,放射診斷科,放射腫瘤科,解剖病理科,臨床病理科,核子醫學科,急診醫學科,整形外科,職業醫學科,西醫一般科,牙醫一般科,中醫一般科,"
佛教慈濟醫療財團法人大林慈濟醫院,嘉義縣大林鎮平林里民生路2號,"家庭醫學科,內科,外科,兒科,婦產科,骨科,神經科,神經外科,泌尿科,耳鼻喉科,眼科,皮膚科,精神科,復健科,麻醉科,放射診斷科,放射腫瘤科,解剖病理科,臨床病理科,核子醫學科,急診醫學科,整形外科,職業醫學科,西醫一般科,牙醫一般科,中醫一般科,"
張皮膚科診所,屏東縣屏東市重慶路２９號,"皮膚科,"
寶建醫療社團法人寶建醫院,屏東縣屏東市中山路119、123號,"家庭醫學科,內科,外科,兒科,婦產科,骨科,神經科,神經外科,泌尿科,耳鼻喉科,眼科,皮膚科,精神科,復健科,麻醉科,放射診斷科,放射腫瘤科,解剖病理科,急診醫學科,整形外科,牙醫一般科,"
屏東榮民總醫院,屏東縣屏東市崇武里榮總東路1號,"家庭醫學科,內科,外科,兒科,婦產科,骨科,神經科,神經外科,泌尿科,耳鼻喉科,眼科,皮膚科,復健科,麻醉科,放射診斷科,放射腫瘤科,核子醫學科,急診醫學科,整形外科,職業醫學科,牙醫一般科,中醫一般科,"
衛生福利部屏東醫院,屏東縣屏東市自由路２７０號,"家庭醫學科,內科,外科,兒科,婦產科,骨科,神經科,神經外科,泌尿科,耳鼻喉科,皮膚科,精神科,復健科,麻醉科,放射診斷科,放射腫瘤科,解剖病理科,急診醫學科,整形外科,職業醫學科,牙醫一般科,中醫一般科,"
屏基醫療財團法人屏東基督教醫院,屏東縣屏東市大連路６０號,"家庭醫學科,內科,外科,兒科,婦產科,骨科,神經科,神經外科,泌尿科,耳鼻喉科,精神科,復健科,麻醉科,放射診斷科,放射腫瘤科,解剖病理科,核子醫學科,急診醫學科,整形外科,職業醫學科,牙醫一般科,中醫一般科,"
安泰醫療社團法人安泰醫院,屏東縣東港鎮中正路一段210號,"家庭醫學科,內科,外科,兒科,婦產科,骨科,神經科,神經外科,泌尿科,耳鼻喉科,眼科,皮膚科,精神科,復健科,麻醉科,放射診斷科,放射腫瘤科,解剖病理科,核子醫學科,急診醫學科,整形外科,職業醫學科,牙醫一般科,"
輔英科技大學附設醫院,屏東縣東港鎮中山路５號,"家庭醫學科,內科,外科,兒科,婦產科,骨科,神經科,神經外科,泌尿科,耳鼻喉科,眼科,皮膚科,精神科,復健科,麻醉科,放射診斷科,解剖病理科,急診醫學科,整形外科,"
臺灣基督教門諾會醫療財團法人門諾醫院,花蓮縣花蓮市民權路４４號,"家庭醫學科,內科,外科,兒科,婦產科,骨科,神經科,神經外科,泌尿科,耳鼻喉科,眼科,皮膚科,精神科,復健科,麻醉科,放射診斷科,放射腫瘤科,解剖病理科,核子醫學科,急診醫學科,整形外科,牙醫一般科,中醫一般科,"
佛教慈濟醫療財團法人花蓮慈濟醫院,花蓮縣花蓮市中央路三段７０７號,"家庭醫學科,內科,外科,兒科,婦產科,骨科,神經科,神經外科,泌尿科,耳鼻喉科,眼科,皮膚科,精神科,復健科,麻醉科,放射診斷科,放射腫瘤科,解剖病理科,臨床病理科,核子醫學科,急診醫學科,整形外科,職業醫學科,西醫一般科,牙醫一般科,中醫一般科,"
臺北榮民總醫院鳳林分院,花蓮縣鳳林鎮中正路一段2號,"內科,外科,泌尿科,眼科,精神科,放射診斷科,急診醫學科,整形外科,西醫一般科,"
國軍花蓮總醫院附設民眾診療服務處,花蓮縣新城鄉嘉里路163號,"家庭醫學科,內科,外科,兒科,婦產科,骨科,神經科,神經外科,泌尿科,精神科,復健科,麻醉科,放射診斷科,解剖病理科,急診醫學科,整形外科,牙醫一般科,中醫一般科,"
臺北榮民總醫院臺東分院,臺東縣臺東市更生路1000號,"家庭醫學科,內科,外科,骨科,泌尿科,皮膚科,精神科,復健科,放射診斷科,中醫一般科,"
衛生福利部臺東醫院,臺東縣臺東市五權街１號,"家庭醫學科,內科,外科,兒科,婦產科,骨科,泌尿科,眼科,皮膚科,精神科,復健科,麻醉科,放射診斷科,急診醫學科,牙醫一般科,中醫一般科,"
衛生福利部金門醫院,金門縣金湖鎮復興路2號,"家庭醫學科,內科,外科,兒科,婦產科,骨科,神經科,神經外科,泌尿科,耳鼻喉科,眼科,皮膚科,精神科,復健科,麻醉科,放射診斷科,急診醫學科,牙醫一般科,"
